Order_ID,Date,Customer,City,Product,Category,Quantity,Price,Payment_Mode,Rating,Total_Sales
1001,1,Amit,,Laptop,Electronics,1,65000,Card,5.0,65000
1002,1,Riya,Delhi,Headphones,Electronics,2,2000,UPI,,4000
1003,1,Arjun,Mumbai,Keyboard,Electronics,1,1500,Card,4.0,1500
1004,1,Priya,Bangalore,Chair,Furniture,1,4500,Cash,5.0,4500
1005,1,Rohit,Pune,Table,Furniture,1,7000,UPI,4.0,7000
1006,1,Sneha,Chennai,Monitor,Electronics,1,12000,Card,5.0,12000
1007,1,Ankit,Kolkata,Mouse,Electronics,2,800,UPI,4.0,1600
1008,1,Karan,Delhi,Notebook,Stationery,5,120,Cash,4.0,600
1009,1,Neha,Mumbai,Pen,Stationery,10,20,UPI,3.0,200
1010,1,Rahul,Bangalore,Desk,Furniture,1,8500,Card,5.0,8500
1011,1,Simran,Pune,Printer,Electronics,1,9000,UPI,4.0,9000
1012,1,Vikas,Chennai,Scanner,Electronics,1,7500,Card,4.0,7500
1013,1,Aisha,Kolkata,Laptop,Electronics,1,70000,Card,5.0,70000
1014,1,Manish,Delhi,Chair,Furniture,2,4200,Cash,4.0,8400
1015,1,Meera,Mumbai,Table,Furniture,1,6800,UPI,5.0,6800
1016,1,Kabir,Bangalore,Keyboard,Electronics,2,1600,Card,4.0,3200
1017,1,Tina,Pune,Mouse,Electronics,3,750,UPI,3.0,2250
1018,1,Aditya,Chennai,Monitor,Electronics,1,13000,Card,5.0,13000
1019,1,Pooja,Kolkata,Pen,Stationery,15,25,Cash,4.0,375
1020,1,Deepak,Delhi,Notebook,Stationery,6,100,UPI,4.0,600
1021,1,Sara,Mumbai,Printer,Electronics,1,9500,Card,5.0,9500
1022,1,Ajay,Bangalore,Desk,Furniture,1,8700,Card,4.0,8700
1023,1,Ritika,Pune,Chair,Furniture,1,4000,UPI,4.0,4000
1024,1,Kunal,Chennai,Scanner,Electronics,1,7200,Card,3.0,7200
1025,1,Nisha,Kolkata,Laptop,Electronics,1,68000,UPI,5.0,68000
1026,1,Varun,Delhi,Keyboard,Electronics,1,1400,Card,4.0,1400
1027,1,Sonia,Mumbai,Mouse,Electronics,2,850,UPI,4.0,1700
1028,1,Aman,Bangalore,Notebook,Stationery,4,110,Cash,3.0,440
1029,1,Rina,Pune,Pen,Stationery,12,18,UPI,4.0,216
1030,1,Kartik,Chennai,Table,Furniture,1,7100,Card,5.0,7100
1031,2,Anjali,Kolkata,Monitor,Electronics,1,12500,UPI,5.0,12500
1032,2,Rakesh,Delhi,Printer,Electronics,1,9800,Card,4.0,9800
1033,2,Divya,Mumbai,Chair,Furniture,2,4300,Cash,4.0,8600
1034,2,Nitin,Bangalore,Desk,Furniture,1,8600,UPI,5.0,8600
1035,2,Seema,Pune,Keyboard,Electronics,1,1500,Card,4.0,1500
1036,2,Arun,Chennai,Mouse,Electronics,2,800,UPI,3.0,1600
1037,2,Ritu,Kolkata,Notebook,Stationery,5,120,Cash,4.0,600
1038,2,Vivek,Delhi,Pen,Stationery,10,20,UPI,4.0,200
1039,2,Sahil,Mumbai,Laptop,Electronics,1,72000,Card,5.0,72000
1040,2,Nikita,Bangalore,Scanner,Electronics,1,7600,UPI,4.0,7600
1041,2,Ashish,Pune,Printer,Electronics,1,9100,Card,5.0,9100
1042,2,Pallavi,Chennai,Chair,Furniture,1,4400,UPI,4.0,4400
1043,2,Abhishek,Kolkata,Desk,Furniture,1,8800,Card,5.0,8800
1044,2,Kriti,Delhi,Keyboard,Electronics,2,1500,UPI,4.0,3000
1045,2,Sameer,Mumbai,Mouse,Electronics,3,820,Card,4.0,2460
1046,2,Shruti,Bangalore,Notebook,Stationery,6,115,Cash,3.0,690
1047,2,Imran,Pune,Pen,Stationery,14,22,UPI,4.0,308
1048,2,Tanvi,Chennai,Table,Furniture,1,7200,Card,5.0,7200
1049,2,Aakash,Kolkata,Monitor,Electronics,1,11800,UPI,4.0,11800
1050,2,Raj,Delhi,Printer,Electronics,1,9400,Card,5.0,9400
1051,2,Sonal,Mumbai,Chair,Furniture,2,4200,Cash,4.0,8400
1052,2,Harsh,Bangalore,Desk,Furniture,1,8900,UPI,5.0,8900
1053,2,Ravi,Pune,Keyboard,Electronics,1,1550,Card,4.0,1550
1054,2,Priyanshi,Chennai,Mouse,Electronics,2,780,UPI,4.0,1560
1055,2,Dev,Kolkata,Notebook,Stationery,4,130,Cash,3.0,520
1056,2,Payal,Delhi,Pen,Stationery,16,21,UPI,4.0,336
1057,2,Omkar,Mumbai,Laptop,Electronics,1,75000,Card,5.0,75000
1058,2,Sanjay,Bangalore,Scanner,Electronics,1,7700,UPI,4.0,7700
1059,2,Megha,Pune,Printer,Electronics,1,9300,Card,5.0,9300
1060,3,Kiran,Chennai,Chair,Furniture,1,4600,UPI,4.0,4600
