Order_ID,Date,Customer,City,Product,Category,Quantity,Price,Payment_Mode,Rating
1001,2024-01-01,Amit,,Laptop,Electronics,1,65000,Card,5
1002,2024-01-02,Riya,Delhi,Headphones,Electronics,2,2000,UPI,
1003,2024-01-03,Arjun,Mumbai,Keyboard,Electronics,1,1500,Card,4
1004,2024-01-04,Priya,Bangalore,Chair,Furniture,1,4500,Cash,5
1005,2024-01-05,Rohit,Pune,Table,Furniture,1,7000,UPI,4
1006,2024-01-06,Sneha,Chennai,Monitor,Electronics,1,12000,Card,5
1007,2024-01-07,Ankit,Kolkata,Mouse,Electronics,2,800,UPI,4
1008,2024-01-08,Karan,Delhi,Notebook,Stationery,5,120,Cash,4
1009,2024-01-09,Neha,Mumbai,Pen,Stationery,10,20,UPI,3
1010,2024-01-10,Rahul,Bangalore,Desk,Furniture,1,8500,Card,5
1011,2024-01-11,Simran,Pune,Printer,Electronics,1,9000,UPI,4
1012,2024-01-12,Vikas,Chennai,Scanner,Electronics,1,7500,Card,4
1013,2024-01-13,Aisha,Kolkata,Laptop,Electronics,1,70000,Card,5
1014,2024-01-14,Manish,Delhi,Chair,Furniture,2,4200,Cash,4
1015,2024-01-15,Meera,Mumbai,Table,Furniture,1,6800,UPI,5
1016,2024-01-16,Kabir,Bangalore,Keyboard,Electronics,2,1600,Card,4
1017,2024-01-17,Tina,Pune,Mouse,Electronics,3,750,UPI,3
1018,2024-01-18,Aditya,Chennai,Monitor,Electronics,1,13000,Card,5
1019,2024-01-19,Pooja,Kolkata,Pen,Stationery,15,25,Cash,4
1020,2024-01-20,Deepak,Delhi,Notebook,Stationery,6,100,UPI,4
1021,2024-01-21,Sara,Mumbai,Printer,Electronics,1,9500,Card,5
1022,2024-01-22,Ajay,Bangalore,Desk,Furniture,1,8700,Card,4
1023,2024-01-23,Ritika,Pune,Chair,Furniture,1,4000,UPI,4
1024,2024-01-24,Kunal,Chennai,Scanner,Electronics,1,7200,Card,3
1025,2024-01-25,Nisha,Kolkata,Laptop,Electronics,1,68000,UPI,5
1026,2024-01-26,Varun,Delhi,Keyboard,Electronics,1,1400,Card,4
1027,2024-01-27,Sonia,Mumbai,Mouse,Electronics,2,850,UPI,4
1028,2024-01-28,Aman,Bangalore,Notebook,Stationery,4,110,Cash,3
1029,2024-01-29,Rina,Pune,Pen,Stationery,12,18,UPI,4
1030,2024-01-30,Kartik,Chennai,Table,Furniture,1,7100,Card,5
1031,2024-02-01,Anjali,Kolkata,Monitor,Electronics,1,12500,UPI,5
1032,2024-02-02,Rakesh,Delhi,Printer,Electronics,1,9800,Card,4
1033,2024-02-03,Divya,Mumbai,Chair,Furniture,2,4300,Cash,4
1034,2024-02-04,Nitin,Bangalore,Desk,Furniture,1,8600,UPI,5
1035,2024-02-05,Seema,Pune,Keyboard,Electronics,1,1500,Card,4
1036,2024-02-06,Arun,Chennai,Mouse,Electronics,2,800,UPI,3
1037,2024-02-07,Ritu,Kolkata,Notebook,Stationery,5,120,Cash,4
1038,2024-02-08,Vivek,Delhi,Pen,Stationery,10,20,UPI,4
1039,2024-02-09,Sahil,Mumbai,Laptop,Electronics,1,72000,Card,5
1040,2024-02-10,Nikita,Bangalore,Scanner,Electronics,1,7600,UPI,4
1041,2024-02-11,Ashish,Pune,Printer,Electronics,1,9100,Card,5
1042,2024-02-12,Pallavi,Chennai,Chair,Furniture,1,4400,UPI,4
1043,2024-02-13,Abhishek,Kolkata,Desk,Furniture,1,8800,Card,5
1044,2024-02-14,Kriti,Delhi,Keyboard,Electronics,2,1500,UPI,4
1045,2024-02-15,Sameer,Mumbai,Mouse,Electronics,3,820,Card,4
1046,2024-02-16,Shruti,Bangalore,Notebook,Stationery,6,115,Cash,3
1047,2024-02-17,Imran,Pune,Pen,Stationery,14,22,UPI,4
1048,2024-02-18,Tanvi,Chennai,Table,Furniture,1,7200,Card,5
1049,2024-02-19,Aakash,Kolkata,Monitor,Electronics,1,11800,UPI,4
1050,2024-02-20,Raj,Delhi,Printer,Electronics,1,9400,Card,5
1051,2024-02-21,Sonal,Mumbai,Chair,Furniture,2,4200,Cash,4
1052,2024-02-22,Harsh,Bangalore,Desk,Furniture,1,8900,UPI,5
1053,2024-02-23,Ravi,Pune,Keyboard,Electronics,1,1550,Card,4
1054,2024-02-24,Priyanshi,Chennai,Mouse,Electronics,2,780,UPI,4
1055,2024-02-25,Dev,Kolkata,Notebook,Stationery,4,130,Cash,3
1056,2024-02-26,Payal,Delhi,Pen,Stationery,16,21,UPI,4
1057,2024-02-27,Omkar,Mumbai,Laptop,Electronics,1,75000,Card,5
1058,2024-02-28,Sanjay,Bangalore,Scanner,Electronics,1,7700,UPI,4
1059,2024-02-29,Megha,Pune,Printer,Electronics,1,9300,Card,5
1060,2024-03-01,Kiran,Chennai,Chair,Furniture,1,4600,UPI,4